endpoint,model,feature_set,leakage_risk,n_folds_evaluated,cindex_mean,cindex_std,cindex_min
hepatic,rsf,full_high_risk,high,15,0.8219658776467414,0.10729731874356889,0.6181015452538632
hepatic,xgb_cox,full_high_risk,high,15,0.7545490845787101,0.15060484649931832,0.45474613686534215
hepatic,lgbm_binary,full_high_risk,high,15,0.7527588575314271,0.10824631422149127,0.5649402390438247
hepatic,catboost_binary,full_high_risk,high,15,0.7312535096366294,0.12098791999221603,0.5474613686534217
death,rsf,full_high_risk,high,15,0.9522018983404055,0.013489208466525167,0.9335347432024169
death,xgb_cox,full_high_risk,high,15,0.9353860154145864,0.03644711408530663,0.8409742120343839
death,lgbm_binary,full_high_risk,high,15,0.7660842312682985,0.06392335510263057,0.6418338108882522
death,catboost_binary,full_high_risk,high,15,0.7575816863459075,0.058819806538250745,0.678298800436205
