{
  "cindex_hepatic_mean": 0.7771513318677299,
  "cindex_hepatic_std": 0.09828040707966126,
  "cindex_hepatic_min": 0.4821705426356589,
  "cindex_death_mean": 0.7694590164672427,
  "cindex_death_std": 0.06825711593688351,
  "cindex_death_min": 0.6790780141843972,
  "score_mean": 0.7748436372475838,
  "score_std": 0.07104756372200095,
  "score_min": 0.5609320782576597,
  "n_folds": 25
}