{
  "cindex_hepatic_mean": 0.7510072321405338,
  "cindex_hepatic_std": 0.11520606391049916,
  "cindex_hepatic_min": 0.5457364341085271,
  "cindex_hepatic_max": 0.9709302325581395,
  "cindex_hepatic_mean_minus_halfsd": 0.6934042001852841,
  "cindex_death_mean": 0.7694572028149435,
  "cindex_death_std": 0.06927056201117229,
  "cindex_death_min": 0.6066411238825032,
  "cindex_death_max": 0.8767720828789531,
  "cindex_death_mean_minus_halfsd": 0.7348219218093573,
  "score_mean": 0.7565422233428566,
  "score_std": 0.0817604560732218,
  "score_min": 0.6177297895902547,
  "score_max": 0.9047703996746403,
  "score_mean_minus_halfsd": 0.7156619953062457,
  "n_folds": 15
}