{
  "label": "phase3_14_knn_smooth",
  "source_track": "track_D",
  "hepatic_oof": 0.851602023608769,
  "death_oof": 0.9545242636151727,
  "weighted_oof": 0.88247869561069,
  "delta_weighted": 0.0013525774979815663,
  "delta_hep": 0.0015871441325265856,
  "delta_dea": 0.0008052553507099658,
  "hep_fold_std": 0.10973517334663727,
  "hep_fold_min": 0.6,
  "dea_fold_std": 0.011931104195343357,
  "dea_fold_min": 0.925845147219193,
  "rho_h_test_anchor": 0.9991187468154082,
  "rho_d_test_anchor": 0.9993588292259717,
  "rho_h_oof_anchor": 0.998849579110245,
  "rho_d_oof_anchor": 0.99934883948502,
  "h_test_rank_shift_max_abs": 0.0378250591016549,
  "d_test_rank_shift_max_abs": 0.04491725768321514,
  "h_test_rank_shift_mean_abs": 0.009445087157475872,
  "d_test_rank_shift_mean_abs": 0.00767902352329695,
  "uses_target_derived_features": false,
  "uses_test_features": true,
  "knn_meta": {
    "k": 10,
    "lam": 0.1,
    "hep_oof": 0.851602023608769,
    "death_oof": 0.9545242636151727,
    "weighted_oof": 0.88247869561069,
    "delta_w_vs_anchor": 0.0013525774979815663,
    "delta_h_vs_anchor": 0.0015871441325265856,
    "hep_fold_std": 0.10973517334663727,
    "hep_fold_min": 0.6,
    "dea_fold_std": 0.011931104195343357,
    "dea_fold_min": 0.925845147219193,
    "rho_h_test_anchor": 0.9991187468154082,
    "rho_d_test_anchor": 0.9993588292259717
  },
  "uses_pseudo_labels": false,
  "track_d_active": true,
  "submission_csv": "gpt/submissions/20260428_0943_phase3_14_knn_smooth.csv",
  "promotion": {
    "promotes_by_oof": false,
    "very_stable": true,
    "delta_weighted": 0.0013525774979815663,
    "delta_hep": 0.0015871441325265856,
    "max_shift_test": 0.04491725768321514
  },
  "recommended": false
}