{
  "label": "phase3_6_v4_hepatic_focused_biomarker_augmented",
  "description": "Bagged pool plus models trained on current_state_v2_hepatic_aug (clinically motivated hepatic interactions). Death side reuses v3.",
  "leakage_tag": "moderate-high (current_state_v2 family)",
  "submission_csv": "gpt/submissions/20260427_1431_phase3_6_v4_hepatic_focused_biomarker_augmented.csv",
  "uses_target_derived_features": false,
  "hepatic": {
    "method": "greedy",
    "components": [
      "phase3_6_no_visit_history::hepatic__rsf__s4"
    ],
    "weights": {
      "phase3_6_no_visit_history::hepatic__rsf__s4": 1.0
    },
    "oof_cindex": 0.8401944251562345,
    "fold_mean": 0.8372241787220932,
    "fold_std": 0.10194731336185837,
    "fold_min": 0.6247011952191235,
    "all_methods_oof": {
      "equal": 0.8259431934662567,
      "greedy": 0.8401944251562345,
      "cv_weighted": 0.833184538570909,
      "seed_bagged": 0.8389048705485567
    }
  },
  "death": {
    "method": "seed_bagged",
    "components": [
      "phase3_current_state_v2::death__rsf__s0",
      "phase3_current_state_v2::death__xgb_cox__s0",
      "phase3_current_state_v2::death__xgb_aft__s0",
      "phase3_current_state_v2::death__xgb_cox__s1"
    ],
    "weights": {
      "phase3_current_state_v2::death__rsf__s0": 0.3653846153846154,
      "phase3_current_state_v2::death__xgb_cox__s0": 0.2692307692307692,
      "phase3_current_state_v2::death__xgb_aft__s0": 0.17307692307692302,
      "phase3_current_state_v2::death__xgb_cox__s1": 0.19230769230769224
    },
    "oof_cindex": 0.949607967789786,
    "fold_mean": 0.9501800691404605,
    "fold_std": 0.011514309017754649,
    "fold_min": 0.9269340974212035,
    "all_methods_oof": {
      "equal": 0.9484848484848485,
      "cv_weighted": 0.9485060394151303,
      "seed_bagged": 0.949607967789786
    }
  },
  "weighted_score_cv": 0.8730184879462999,
  "rank_corr_with_v3_hepatic_focused": {
    "oof_hepatic": 0.9760224872572548,
    "oof_death": 0.9999999999999999,
    "test_hepatic": 0.9972693164586824,
    "test_death": 0.9999999207256488
  }
}