{
  "label": "phase3_14_transductive_preprocess_cluster",
  "source_track": "track_A_or_B",
  "hepatic_oof": 0.8500148794762424,
  "death_oof": 0.9535070989616444,
  "weighted_oof": 0.881062545321863,
  "delta_weighted": -6.357279084545642e-05,
  "delta_hep": 0.0,
  "delta_dea": -0.0002119093028183361,
  "hep_fold_std": 0.10840160154451017,
  "hep_fold_min": 0.6,
  "dea_fold_std": 0.012670755193243904,
  "dea_fold_min": 0.9269356597600873,
  "rho_h_test_anchor": 1.0,
  "rho_d_test_anchor": 0.9996282033963658,
  "rho_h_oof_anchor": 1.0,
  "rho_d_oof_anchor": 0.9991814209962682,
  "h_test_rank_shift_max_abs": 0.0,
  "d_test_rank_shift_max_abs": 0.035460992907801386,
  "h_test_rank_shift_mean_abs": 0.0,
  "d_test_rank_shift_mean_abs": 0.005577631350982794,
  "uses_target_derived_features": false,
  "uses_test_features": true,
  "track_a_active": false,
  "track_b_active": true,
  "uses_pseudo_labels": false,
  "submission_csv": "gpt/submissions/20260428_0943_phase3_14_transductive_preprocess_cluster.csv",
  "promotion": {
    "promotes_by_oof": false,
    "very_stable": true,
    "delta_weighted": -6.357279084545642e-05,
    "delta_hep": 0.0,
    "max_shift_test": 0.035460992907801386
  },
  "recommended": false
}