{
  "cindex_hepatic_mean": 0.7764491908078284,
  "cindex_hepatic_std": 0.11945299676131842,
  "cindex_hepatic_min": 0.5784860557768924,
  "cindex_hepatic_max": 0.9496951219512195,
  "cindex_hepatic_mean_minus_halfsd": 0.7167226924271691,
  "cindex_death_mean": 0.8439626852028508,
  "cindex_death_std": 0.047019618261246385,
  "cindex_death_min": 0.7867177522349936,
  "cindex_death_max": 0.9129782445611403,
  "cindex_death_mean_minus_halfsd": 0.8204528760722276,
  "score_mean": 0.7967032391263351,
  "score_std": 0.08552103818939835,
  "score_min": 0.6432381113842502,
  "score_max": 0.9386800587341957,
  "score_mean_minus_halfsd": 0.753942720031636,
  "n_folds": 15
}