{
  "cindex_hepatic_mean": 0.7502350323801773,
  "cindex_hepatic_std": 0.12950752477657834,
  "cindex_hepatic_min": 0.5362549800796813,
  "cindex_hepatic_max": 0.970203488372093,
  "cindex_hepatic_mean_minus_halfsd": 0.6854812699918882,
  "cindex_death_mean": 0.7996665912565064,
  "cindex_death_std": 0.05422935180458374,
  "cindex_death_min": 0.7039258451472192,
  "cindex_death_max": 0.9032258064516129,
  "cindex_death_mean_minus_halfsd": 0.7725519153542145,
  "score_mean": 0.7650645000430759,
  "score_std": 0.09343287512327159,
  "score_min": 0.6104848690345003,
  "score_max": 0.9439352216102805,
  "score_mean_minus_halfsd": 0.7183480624814401,
  "n_folds": 15
}