{
  "cindex_hepatic_mean": 0.7649188484533614,
  "cindex_hepatic_std": 0.10178189452946844,
  "cindex_hepatic_min": 0.6103585657370518,
  "cindex_hepatic_max": 0.9585755813953488,
  "cindex_hepatic_mean_minus_halfsd": 0.7140279011886272,
  "cindex_death_mean": 0.7579747666820212,
  "cindex_death_std": 0.06575424025907307,
  "cindex_death_min": 0.6359300476947536,
  "cindex_death_max": 0.8425925925925926,
  "cindex_death_mean_minus_halfsd": 0.7250976465524847,
  "score_mean": 0.7628356239219592,
  "score_std": 0.06935101698135841,
  "score_min": 0.6315063151648724,
  "score_max": 0.9032751328075921,
  "score_mean_minus_halfsd": 0.72816011543128,
  "n_folds": 15
}