{
  "hepatic": {
    "mean": 0.5458887764084022,
    "std": 0.12597701696648214,
    "min": 0.27689243027888444,
    "fold_scores": [
      0.5341494845360825,
      0.5915697674418605,
      0.5938223938223938,
      0.41504065040650406,
      0.5348837209302325,
      0.6133186166298749,
      0.6064209274673008,
      0.5590551181102362,
      0.5342136854741897,
      0.43707093821510296,
      0.27689243027888444,
      0.38345864661654133,
      0.7855691056910569,
      0.5806974858069749,
      0.7421686746987952
    ]
  },
  "death": {
    "mean": 0.6303380703213258,
    "std": 0.07175690657559786,
    "min": 0.4711864406779661,
    "fold_scores": [
      0.64340239912759,
      0.643879173290938,
      0.6209286209286209,
      0.6454162276080084,
      0.5634920634920635,
      0.7535441657579062,
      0.6219667943805874,
      0.4711864406779661,
      0.6558044806517311,
      0.7688821752265861,
      0.675531914893617,
      0.6253581661891118,
      0.6204051012753188,
      0.6103896103896104,
      0.5348837209302325
    ]
  }
}