{
  "cindex_hepatic_mean": 0.9563319542284482,
  "cindex_hepatic_std": 0.017179982774557543,
  "cindex_hepatic_min": 0.9285714285714286,
  "cindex_death_mean": 0.8994109165588043,
  "cindex_death_std": 0.03292759738095945,
  "cindex_death_min": 0.8409961685823755,
  "score_mean": 0.9392556429275553,
  "score_std": 0.014014159814733413,
  "score_min": 0.9217041170260896,
  "n_folds": 15
}