{
  "cindex_hepatic_mean": 0.8046074824859357,
  "cindex_hepatic_std": 0.12378207019825901,
  "cindex_hepatic_min": 0.5848605577689243,
  "cindex_hepatic_max": 0.9634146341463414,
  "cindex_hepatic_mean_minus_halfsd": 0.7427164473868062,
  "cindex_death_mean": 0.903255673356344,
  "cindex_death_std": 0.034075903924082294,
  "cindex_death_min": 0.8391494002181025,
  "cindex_death_max": 0.9534883720930233,
  "cindex_death_mean_minus_halfsd": 0.8862177213943029,
  "score_mean": 0.8342019397470583,
  "score_std": 0.0867601141578824,
  "score_min": 0.6785513266084597,
  "score_max": 0.9604367555303459,
  "score_mean_minus_halfsd": 0.790821882668117,
  "n_folds": 15
}