{
  "cindex_hepatic_mean": 0.7753014443821581,
  "cindex_hepatic_std": 0.12696582273543772,
  "cindex_hepatic_min": 0.5557768924302788,
  "cindex_hepatic_max": 0.965843023255814,
  "cindex_hepatic_mean_minus_halfsd": 0.7118185330144392,
  "cindex_death_mean": 0.8202764004027696,
  "cindex_death_std": 0.05023678681991148,
  "cindex_death_min": 0.7559322033898305,
  "cindex_death_max": 0.918979744936234,
  "cindex_death_mean_minus_halfsd": 0.7951580069928139,
  "score_mean": 0.7887939311883413,
  "score_std": 0.08900689927719287,
  "score_min": 0.6198948885309823,
  "score_max": 0.9415475820174555,
  "score_mean_minus_halfsd": 0.7442904815497449,
  "n_folds": 15
}