,landmark_3y_RSF,permissive_ensemble_avg,tuned_rsf_baseline_v1,tuned_xgb_cox_baseline_v1,rsf_nit_only_baseline_only,catboost_bin_early_v1_v3,rsf_longitudinal_summary,xgb_cox_longitudinal_plus_meta
landmark_3y_RSF,1.0,0.34478209313089925,0.7252242198016965,0.4922458302485922,0.5411555063426988,0.11714252783114794,0.4433892728225418,0.2768387596302133
permissive_ensemble_avg,0.34478209313089925,1.0,0.4292651780063456,0.43343713456949556,0.38175704952219464,0.6513041962892363,0.9078499899547139,0.9753810940195288
tuned_rsf_baseline_v1,0.7252242198016965,0.42926517800634567,1.0,0.7337948052668459,0.6638168259873068,0.2943895242523797,0.4475232510304612,0.3921479028629372
tuned_xgb_cox_baseline_v1,0.4922458302485922,0.43343713456949556,0.7337948052668459,1.0,0.5932832731259045,0.34922086617270814,0.3602753233091385,0.429213501024944
rsf_nit_only_baseline_only,0.5411555063426988,0.38175704952219464,0.6638168259873068,0.5932832731259045,1.0,0.29760152454055744,0.32473903556996203,0.3770729462971246
catboost_bin_early_v1_v3,0.11714252783114794,0.6513041962892363,0.2943895242523797,0.34922086617270814,0.29760152454055744,1.0,0.5574387908620169,0.6558692512224259
rsf_longitudinal_summary,0.4433892728225418,0.9078499899547139,0.4475232510304612,0.3602753233091385,0.32473903556996203,0.5574387908620169,1.0,0.8150106304216684
xgb_cox_longitudinal_plus_meta,0.2768387596302133,0.9753810940195288,0.3921479028629372,0.429213501024944,0.3770729462971246,0.6558692512224259,0.8150106304216684,1.0
