id,feature_set,n_folds,n_seeds,single_seed_mean,single_seed_std,multiseed_mean,multiseed_std,lift_mean,lift_std_reduction,elapsed_s
rsf_baseline_v1,baseline_v1,50,10,0.8056679816282478,0.08610444830351338,0.8074798945499936,0.08545274884430738,0.001811912921745762,0.0006516994592059983,116.3
rsf_nit_only_baseline_only,nit_only_baseline_only,50,10,0.7751853567486888,0.08098943360534698,0.772456341407683,0.08094003968094489,-0.0027290153410057805,4.939392440209134e-05,330.4
