{
  "cindex_hepatic_mean": 0.764499820256378,
  "cindex_hepatic_std": 0.09624388903356389,
  "cindex_hepatic_min": 0.5944223107569722,
  "cindex_hepatic_max": 0.8982558139534884,
  "cindex_hepatic_mean_minus_halfsd": 0.716377875739596,
  "cindex_death_mean": 0.8079379661933535,
  "cindex_death_std": 0.053251326241888566,
  "cindex_death_min": 0.7206303724928367,
  "cindex_death_max": 0.8912386706948641,
  "cindex_death_mean_minus_halfsd": 0.7813123030724092,
  "score_mean": 0.7775312640374706,
  "score_std": 0.07089540563550906,
  "score_min": 0.6480105111469018,
  "score_max": 0.8694858165760952,
  "score_mean_minus_halfsd": 0.7420835612197161,
  "n_folds": 15
}