{
  "cindex_hepatic_mean": 0.7859479559645383,
  "cindex_hepatic_std": 0.1267157480109165,
  "cindex_hepatic_min": 0.5739514348785872,
  "cindex_death_mean": 0.9146521227529102,
  "cindex_death_std": 0.029907096458909942,
  "cindex_death_min": 0.8595988538681948,
  "score_mean": 0.8245592060010497,
  "score_std": 0.08973449712618847,
  "score_min": 0.6840997012525247,
  "n_folds": 15
}