k,lam,hep_oof,death_oof,weighted_oof,hep_fold_std,hep_fold_min,dea_fold_std,dea_fold_min,delta_w_vs_anchor,delta_h_vs_anchor,delta_d_vs_anchor,rho_h_test_anchor,rho_d_test_anchor
10,0.02,0.8501802069900473,0.9538461538461539,0.8812799910468792,0.10947687446813677,0.5968992248062015,0.012216977837303439,0.925845147219193,0.0001538729341706846,0.0001653275138048249,0.00012714558169113488,0.9999364616176515,0.9999562405703185
10,0.05,0.8507092550342228,0.954354736172918,0.8818028993758313,0.10982292039410974,0.5968992248062015,0.012057337734537247,0.9269356597600873,0.000676781263122872,0.0006943755579803534,0.0006357279084552303,0.9997418431164874,0.9998203643701845
10,0.1,0.851602023608769,0.9545242636151727,0.88247869561069,0.10973517334663727,0.6,0.011931104195343357,0.925845147219193,0.0013525774979815663,0.0015871441325265856,0.0008052553507099658,0.9991187468154082,0.9993588292259717
