feature_set,n_features,median_miss_diff,p95_miss_diff,median_mean_shift_z_abs,p95_mean_shift_z_abs,median_ks,p95_ks,n_features_ks_gt_0_2
current_state_v2,222,-0.10564904277016485,0.1431929798743064,0.06330778815894716,0.19892590215958636,0.05091976154614357,0.12625911086334676,0
NIT_plus_scores,55,-0.08088577956639292,0.18761704769074317,0.048579462423858626,0.10051928373402702,0.05159626353017533,0.12818003913894324,0
biomarker_only,127,-0.10656787775532575,0.1431929798743064,0.044517569807947875,0.10966087679805044,0.05019856838599132,0.07651775242263527,0
v3_hepatic_schema,215,-0.10564904277016485,0.1431929798743064,0.06117568334898121,0.19679092748082183,0.05088331746535491,0.12711765621207846,0
