{
  "study_name": "longitudinal_no_followup_proxies__death__xgb_cox",
  "best_value": 0.8817074502850119,
  "best_params": {
    "n_estimators": 400,
    "max_depth": 6,
    "learning_rate": 0.030886916903473487,
    "subsample": 0.8262287238077906,
    "colsample_bytree": 0.7853055579726909,
    "reg_lambda": 0.03537619848364672,
    "min_child_weight": 0.5197836010730965
  },
  "best_user_attrs": {
    "cindex_mean": 0.895740658903169,
    "cindex_std": 0.02806641723631425
  },
  "n_trials": 25
}