{
  "study_name": "longitudinal_no_followup_proxies__hepatic__xgb_cox",
  "best_value": 0.7369264182597659,
  "best_params": {
    "n_estimators": 400,
    "max_depth": 7,
    "learning_rate": 0.014323655439803958,
    "subsample": 0.7637113549486627,
    "colsample_bytree": 0.8249258318133993,
    "reg_lambda": 1.471381696967031,
    "min_child_weight": 1.6504279442541385
  },
  "best_user_attrs": {
    "cindex_mean": 0.7952268793631951,
    "cindex_std": 0.11660092220685837
  },
  "n_trials": 25
}