{
  "study_name": "longitudinal_no_followup_proxies__death__catboost_binary",
  "best_value": 0.7378475208057672,
  "best_params": {
    "iterations": 1000,
    "depth": 8,
    "learning_rate": 0.012372908767099847,
    "l2_leaf_reg": 9.699768345737507
  },
  "best_user_attrs": {
    "cindex_mean": 0.7657688756544396,
    "cindex_std": 0.05584270969734487
  },
  "n_trials": 25
}