{
  "study_name": "NIT_plus_scores_longitudinal__hepatic__catboost_binary",
  "best_value": 0.6826025780565046,
  "best_params": {
    "iterations": 800,
    "depth": 8,
    "learning_rate": 0.02345994050747704,
    "l2_leaf_reg": 2.9982141956040667
  },
  "best_user_attrs": {
    "cindex_mean": 0.7470800505972899,
    "cindex_std": 0.12895494508157054
  },
  "n_trials": 25
}