{
  "hepatic": {
    "n_rows": 1253,
    "n_events": 47,
    "single_features": {
      "min_age": {
        "positive_sign_cindex": 0.631137783950005,
        "negative_sign_cindex": 0.36886221604999503
      },
      "max_age": {
        "positive_sign_cindex": 0.6054954865588731,
        "negative_sign_cindex": 0.39450451344112686
      },
      "n_visits": {
        "positive_sign_cindex": 0.43135601626822734,
        "negative_sign_cindex": 0.5686439837317726
      },
      "followup_yrs": {
        "positive_sign_cindex": 0.4204278676057269,
        "negative_sign_cindex": 0.5795721323942731
      },
      "Age_v1": {
        "positive_sign_cindex": 0.631137783950005,
        "negative_sign_cindex": 0.36886221604999503
      },
      "missingness_count": {
        "positive_sign_cindex": 0.5700988658532553,
        "negative_sign_cindex": 0.4299011341467447
      },
      "missingness_count_NIT": {
        "positive_sign_cindex": 0.5511192672684588,
        "negative_sign_cindex": 0.44888073273154117
      },
      "time_since_last_NIT": {
        "positive_sign_cindex": 0.4205601296167708,
        "negative_sign_cindex": 0.5794398703832292
      },
      "n_NIT_measurements": {
        "positive_sign_cindex": 0.42671031313031116,
        "negative_sign_cindex": 0.5732896868696888
      },
      "n_visits_FibroScan": {
        "positive_sign_cindex": 0.36724200641470756,
        "negative_sign_cindex": 0.6327579935852925
      },
      "n_visits_FibroTest": {
        "positive_sign_cindex": 0.4707204973051615,
        "negative_sign_cindex": 0.5292795026948385
      },
      "n_visits_Aixplorer": {
        "positive_sign_cindex": 0.5270971795126145,
        "negative_sign_cindex": 0.4729028204873855
      }
    },
    "followup_proxy_only_cv": {
      "mean": 0.5726595269236612,
      "std": 0.13226351643473003,
      "median": 0.5389518413597734,
      "min": 0.408987052551409,
      "max": 0.7855495772482706,
      "n_folds": 15
    },
    "post_event_visits": {
      "n_event_patients": 47,
      "n_with_post_event_visits": 27,
      "fraction_with_post_event": 0.574468085106383,
      "avg_post_event_visits": 3.2962962962962963
    }
  },
  "death": {
    "drop_missing_death": {
      "n_rows": 984,
      "n_events": 76,
      "single_features": {
        "min_age": {
          "positive_sign_cindex": 0.7958147272568077,
          "negative_sign_cindex": 0.20418527274319237
        },
        "max_age": {
          "positive_sign_cindex": 0.6412310655809473,
          "negative_sign_cindex": 0.3587689344190526
        },
        "n_visits": {
          "positive_sign_cindex": 0.2149330181245075,
          "negative_sign_cindex": 0.7850669818754925
        },
        "followup_yrs": {
          "positive_sign_cindex": 0.03149899308291743,
          "negative_sign_cindex": 0.9685010069170825
        },
        "Age_v1": {
          "positive_sign_cindex": 0.7958147272568077,
          "negative_sign_cindex": 0.20418527274319237
        },
        "missingness_count": {
          "positive_sign_cindex": 0.7735312144295596,
          "negative_sign_cindex": 0.22646878557044042
        },
        "missingness_count_NIT": {
          "positive_sign_cindex": 0.8068470361614569,
          "negative_sign_cindex": 0.19315296383854302
        },
        "time_since_last_NIT": {
          "positive_sign_cindex": 0.03152088258471237,
          "negative_sign_cindex": 0.9684791174152876
        },
        "n_NIT_measurements": {
          "positive_sign_cindex": 0.19098590316084407,
          "negative_sign_cindex": 0.8090140968391559
        },
        "n_visits_FibroScan": {
          "positive_sign_cindex": 0.1915112512039226,
          "negative_sign_cindex": 0.8084887487960774
        },
        "n_visits_FibroTest": {
          "positive_sign_cindex": 0.24947465195692145,
          "negative_sign_cindex": 0.7505253480430786
        },
        "n_visits_Aixplorer": {
          "positive_sign_cindex": 0.31722266001225813,
          "negative_sign_cindex": 0.6827773399877419
        }
      },
      "followup_proxy_only_cv": {
        "mean": 0.9461324635358986,
        "std": 0.024877495446229858,
        "median": 0.953232462173315,
        "min": 0.8869123252858958,
        "max": 0.9837962962962963,
        "n_folds": 15
      }
    },
    "censor_missing_death_at_last": {
      "n_rows": 1253,
      "n_events": 76,
      "single_features": {
        "min_age": {
          "positive_sign_cindex": 0.7952956134774316,
          "negative_sign_cindex": 0.20470438652256834
        },
        "max_age": {
          "positive_sign_cindex": 0.6421275694002967,
          "negative_sign_cindex": 0.3578724305997033
        },
        "n_visits": {
          "positive_sign_cindex": 0.2202373384191566,
          "negative_sign_cindex": 0.7797626615808434
        },
        "followup_yrs": {
          "positive_sign_cindex": 0.030981140072049163,
          "negative_sign_cindex": 0.9690188599279508
        },
        "Age_v1": {
          "positive_sign_cindex": 0.7952956134774316,
          "negative_sign_cindex": 0.20470438652256834
        },
        "missingness_count": {
          "positive_sign_cindex": 0.7641661368934096,
          "negative_sign_cindex": 0.23583386310659038
        },
        "missingness_count_NIT": {
          "positive_sign_cindex": 0.7942996397541852,
          "negative_sign_cindex": 0.20570036024581478
        },
        "time_since_last_NIT": {
          "positive_sign_cindex": 0.031002331002331,
          "negative_sign_cindex": 0.968997668997669
        },
        "n_NIT_measurements": {
          "positive_sign_cindex": 0.19684255138800594,
          "negative_sign_cindex": 0.8031574486119941
        },
        "n_visits_FibroScan": {
          "positive_sign_cindex": 0.19073956346683618,
          "negative_sign_cindex": 0.8092604365331638
        },
        "n_visits_FibroTest": {
          "positive_sign_cindex": 0.26348802712439073,
          "negative_sign_cindex": 0.7365119728756092
        },
        "n_visits_Aixplorer": {
          "positive_sign_cindex": 0.3244967154058063,
          "negative_sign_cindex": 0.6755032845941937
        }
      },
      "followup_proxy_only_cv": {
        "mean": 0.9428156989078532,
        "std": 0.03177913260240654,
        "median": 0.9427083333333334,
        "min": 0.8466757123473542,
        "max": 0.9880573248407644,
        "n_folds": 15
      }
    }
  },
  "strict_features_top10": [
    {
      "feature": "Age_delta",
      "best_cindex": 0.957742287471481
    },
    {
      "feature": "Age_rel_delta",
      "best_cindex": 0.946351221770327
    },
    {
      "feature": "Age_std",
      "best_cindex": 0.9381013788314652
    },
    {
      "feature": "fibs_stiffness_med_BM_1_count",
      "best_cindex": 0.8411698574876831
    },
    {
      "feature": "Age_count",
      "best_cindex": 0.8356975167807427
    },
    {
      "feature": "ast_count",
      "best_cindex": 0.818519988096419
    },
    {
      "feature": "triglyc_count",
      "best_cindex": 0.8073273154118308
    },
    {
      "feature": "gluc_fast_count",
      "best_cindex": 0.8048639354561387
    },
    {
      "feature": "fibs_stiffness_med_BM_1_min",
      "best_cindex": 0.8019211057104123
    },
    {
      "feature": "alt_count",
      "best_cindex": 0.7959197169592964
    }
  ]
}